access,accuracy,achievements,acm,across,actions,adobe,advanced,agile,ai,al,algeria,algorithm,algorithms,also,amazon,analysis,analytics,android,angular,angularjs,apache,api,apis,app,application,applications,applied,apps,apr,april,architect,architecture,artificial,aug,august,automated,automation,available,award,aws,azure,bachelor,backend,bangalore,bank,based,best,big,blog,bootstrap,build,building,built,business,capabilities,certificate,certifications,certified,cicd,class,client,clients,cloud,code,cognitive,collaborated,collaboration,college,combyne,communication,community,company,complex,component,components,computer,concepts,conducted,conference,content,continuous,contributed,control,core,course,coursera,create,created,creating,cross,crossfunctional,css,csv,current,custom,customer,customers,cuttingedge,dashboard,label
0.0,0.0,0.0,0.0,0.0,0.0,0.0,0.0,0.0,0.0,0.0,0.0,0.0,0.0,0.0,0.0,0.0,0.0,0.0,0.1163734267239687,0.0,0.0,0.0,0.08093898991303304,0.0,0.0,0.09296643489540188,0.0,0.0,0.0,0.0,0.0,0.0,0.0,0.0,0.0,0.0,0.0,0.0,0.0,0.0,0.0,0.0,0.0,0.0,0.0,0.0,0.0,0.0,0.0,0.0,0.0,0.0,0.0,0.12140848486954955,0.0,0.0,0.0,0.0,0.0,0.0,0.0,0.0,0.0,0.0,0.0,0.0,0.0,0.0,0.0,0.0,0.0,0.0,0.0,0.0,0.0,0.213351282327276,0.0,0.0,0.0,0.08445057288592389,0.0,0.0,0.0,0.0,0.0,0.2652950319390149,0.0,0.0,0.0,0.0,0.0,0.0,0.0,0.0,0.0,0.0,0.0,0.0,0.0,2
0.0,0.0,0.05152382205121064,0.06525852738601993,0.0,0.0,0.0,0.0,0.0,0.0,0.0,0.1957755821580598,0.0,0.0,0.05925880696857361,0.0,0.0,0.0,0.0,0.10494948311672751,0.044469563816710383,0.0,0.0,0.0,0.0,0.0,0.0,0.0,0.0,0.0,0.0,0.0,0.09479721017725218,0.0,0.0,0.06111383677911761,0.0,0.0,0.0,0.0,0.0,0.0,0.09324338706344468,0.0,0.0,0.0,0.0,0.07016065590550824,0.0,0.0,0.0,0.0,0.29629403484286804,0.07616037632295457,0.0,0.0,0.0,0.0,0.0,0.0,0.0,0.0,0.0,0.0,0.0,0.0,0.0,0.06759802557900024,0.0,0.0,0.0,0.0,0.0,0.0,0.0,0.054356678449085295,0.06996632207781833,0.0,0.0,0.19870172183796486,0.0,0.0,0.07975067063341522,0.0,0.0,0.0,0.0,0.0,0.0,0.0,0.07016065590550824,0.0729935123033829,0.0,0.0,0.0,0.0,0.0,0.0,0.0,0.0,2
0.0,0.0,0.0879990380082118,0.0,0.0,0.0,0.0,0.0,0.0,0.0,0.0,0.0,0.0,0.0,0.0,0.0,0.0,0.0,0.0,0.11949752154840493,0.15190172936416887,0.0,0.0,0.0,0.0,0.0,0.0,0.0,0.0,0.0,0.0,0.0,0.0,0.0,0.0,0.0,0.0,0.0,0.0,0.0,0.0,0.0,0.0,0.0,0.0,0.0,0.0,0.0,0.0,0.0,0.0,0.0,0.0,0.0,0.0,0.0,0.0,0.0,0.0,0.0,0.0,0.0,0.0,0.0,0.0,0.0,0.0,0.0,0.0,0.0,0.0,0.0,0.0,0.0,0.0,0.0,0.059748760774202464,0.0,0.0,0.0,0.0,0.0,0.0,0.0,0.32519131849836813,0.0,0.0,0.0,0.0,0.07582991095497882,0.11982942995908472,0.1246677480011858,0.0,0.0623338740005929,0.08575851811227007,0.0,0.0,0.0,0.0,0.0,1
0.0,0.0,0.016136641530089618,0.0,0.034291035539575236,0.0,0.0,0.0,0.0,0.0,0.0,0.0,0.0,0.0,0.0,0.0,0.0,0.0,0.0,0.0547815269520568,0.013927332673350043,0.11484071297966016,0.0,0.022860690359716822,0.0,0.0,0.008752587944220345,0.0,0.0,0.0,0.0,0.0,0.0,0.018015681822575375,0.0,0.0,0.0,0.05562061213555187,0.09990780439514607,0.0,0.0,0.0,0.09490879984496914,0.0,0.0,0.0197641649421932,0.045721380719433644,0.0,0.0,0.0,0.012488475549393259,0.010986736899466387,0.0,0.0,0.022860690359716822,0.18380434682862726,0.02871017824491504,0.0,0.0,0.0,0.0,0.0,0.0,0.0790566597687728,0.0,0.0,0.0,0.021170888794429514,0.04234177758885903,0.023852514091418534,0.011926257045709267,0.0,0.0,0.0,0.0,0.008511929045436831,0.010956305390411359,0.011926257045709267,0.0,0.0,0.0,0.0,0.0,0.0,0.0,0.0,0.0,0.059631285228546334,0.11875738544104678,0.0,0.1648010534919958,0.0,0.0,0.0,0.015725790829670922,0.021170888794429514,0.0,0.0,0.0,0.0,1
0.0,0.0,0.0,0.0,0.0,0.0,0.0,0.28053210037911397,0.0,0.0,0.12921624810312488,0.0,0.0,0.0,0.0,0.0,0.0,0.0,0.0,0.21476389950531463,0.0819004628308594,0.0,0.0,0.0,0.0,0.07503636327098402,0.03431339033884653,0.0,0.0,0.0,0.0,0.0,0.0,0.0,0.0,0.03751818163549201,0.0,0.10902671228531038,0.0,0.0,0.0,0.06326161851885614,0.0,0.0,0.0,0.0,0.0,0.0,0.0,0.04307208270104163,0.0,0.0,0.0,0.0,0.0,0.0,0.0,0.0,0.0,0.0,0.0,0.0,0.0,0.0,0.0,0.04006263413934484,0.0,0.0,0.0,0.14026605018955698,0.0,0.0,0.0,0.0,0.0,0.033369918215504016,0.08590555980212584,0.0,0.0,0.048793711434914185,0.09351070012637132,0.0,0.0,0.08962238331423515,0.0,0.0,0.0,0.0,0.0,0.0,0.0,0.0,0.0,0.0,0.0,0.0,0.0,0.0,0.0,0.0,0
0.0,0.0,0.0,0.0,0.0,0.0,0.0,0.0,0.0,0.0,0.0,0.0,0.0,0.0,0.0,0.37306553572850193,0.0,0.0,0.0,0.0,0.0,0.0,0.0,0.30666817097900445,0.0,0.0,0.0,0.0,0.0,0.0,0.0,0.0,0.0,0.0,0.0,0.0,0.0,0.0,0.0,0.0,0.0,0.0,0.1958720581069279,0.0,0.0,0.0,0.0,0.0,0.0,0.2947664709132285,0.0,0.0,0.0,0.0,0.0,0.0,0.0,0.0,0.0,0.0,0.0,0.0,0.0,0.0,0.0,0.0,0.0,0.0,0.0,0.0,0.0,0.0,0.0,0.0,0.0,0.0,0.0,0.0,0.0,0.16696139611192137,0.0,0.0,0.0,0.30666817097900445,0.0,0.0,0.0,0.0,0.0,0.0,0.0,0.0,0.0,0.0,0.0,0.0,0.0,0.0,0.0,0.0,0
0.0,0.0,0.0,0.0,0.0,0.0,0.0,0.05445462407692811,0.0,0.0,0.0,0.0,0.0,0.0,0.16948004789458154,0.0,0.09666509670692308,0.0,0.0,0.0750388184264634,0.0,0.0,0.0,0.10438063634770503,0.0,0.0,0.0,0.0,0.0,0.0,0.0,0.0,0.0,0.08225859776272715,0.0,0.1747854287690835,0.0,0.0,0.0,0.0,0.0,0.0,0.0,0.0,0.0,0.0,0.0,0.1003296550459309,0.0,0.0,0.0,0.0,0.08474002394729077,0.05445462407692811,0.10438063634770503,0.0,0.0,0.0,0.0,0.0,0.0,0.0,0.0,0.0,0.0,0.0,0.0,0.0,0.0,0.0,0.0,0.0,0.0,0.0,0.0,0.0,0.0500258789509756,0.0,0.0,0.08524296823515187,0.0,0.0,0.11404336477567083,0.0,0.05445462407692811,0.0,0.0,0.0,0.0,0.19047045815558994,0.0,0.0,0.0,0.052190318173852515,0.10770462492885242,0.0,0.0,0.0,0.0,0.0,2
0.0,0.0,0.19181090839144496,0.0,0.0,0.0,0.0,0.0,0.02283790289025208,0.0,0.0,0.0,0.12541728356861778,0.0,0.0,0.0,0.0,0.0,0.0,0.040071990781023185,0.06367291785458482,0.0,0.0,0.02090288059476963,0.0,0.0,0.0,0.0,0.0,0.02283790289025208,0.0,0.0,0.0,0.0,0.0,0.0,0.0,0.0,0.0,0.5522226489747696,0.5522226489747696,0.0,0.0,0.0,0.0,0.0,0.0,0.0602749381375743,0.0,0.0,0.0,0.0,0.0,0.0,0.0,0.0,0.0,0.0,0.0,0.0,0.0,0.02283790289025208,0.0,0.0,0.0,0.0,0.0,0.0,0.0,0.0,0.0,0.0,0.0,0.0,0.0,0.06226367923916765,0.010017997695255796,0.0,0.0,0.0,0.0,0.0,0.0,0.0,0.0,0.0,0.0,0.0,0.0,0.0,0.0,0.0,0.0,0.0,0.0,0.0,0.0,0.021809763663854537,0.0,0.0,2
0.0,0.0,0.02321155245671848,0.0,0.032883677343386986,0.0,0.02669617376417597,0.0,0.0,0.0,0.0,0.11759622414371795,0.0,0.0,0.0,0.0,0.030453003178569398,0.0,0.0,0.02363994299809686,0.020033599452948768,0.0,0.0,0.032883677343386986,0.0,0.0,0.0,0.0,0.03592778643296513,0.0,0.0,0.0,0.0,0.038871652092707994,0.0,0.02753186723647743,0.0,0.0,0.0,0.0,0.0,0.02321155245671848,0.021003136839441792,0.0,0.0,0.0,0.0,0.0,0.0,0.0,0.0,0.0,0.0,0.0,0.0,0.0,0.0,0.0,0.0,0.04000339084969388,0.0,0.0,0.0,0.0,0.0686207078499194,0.0,0.0,0.0,0.0,0.0,0.0,0.0,0.0,0.0,0.0,0.024487758146899283,0.0,0.0,0.0,0.008951539804438547,0.0,0.0,0.07185557286593026,0.0,0.0,0.0,0.0,0.0,0.0,0.0,0.0,0.0,0.0,0.032883677343386986,0.01131028467372361,0.0,0.0,0.0,0.0,0.0,1
0.046800297451251284,0.06501141548852184,0.0,0.0,0.0,0.0,0.037994195719870796,0.0,0.0,0.0,0.0,0.0,0.0,0.0,0.018997097859935398,0.0,0.02167047182950728,0.0,0.0,0.0,0.0,0.0,0.6245226765322486,0.0,0.0,0.0,0.0,0.0,0.0,0.0,0.0,0.0,0.0,0.0,0.0,0.03918356096857351,0.0,0.0,0.0,0.0,0.0,0.0,0.07472955664528841,0.0,0.0,0.0,0.0,0.08996798378752625,0.0,0.0,0.0,0.0,0.3229506636189018,0.024415377157760907,0.0,0.0,0.0,0.28466563688638635,0.0,0.0,0.0,0.0,0.0,0.0,0.0,0.0,0.02556634822604382,0.0,0.0,0.0,0.0,0.0,0.0,0.0,0.0,0.03485116196773715,0.0,0.0,0.0,0.15287878704795366,0.0,0.0,0.0,0.0,0.0,0.0,0.0,0.0,0.0,0.0,0.0,0.046800297451251284,0.0,0.0,0.11267817678138413,0.06501141548852184,0.30389944899517973,0.0,0.0,0.0,2
0.4625685333189154,0.015299167673858515,0.22156209643915453,0.0886180752241941,0.0,0.0,0.0,0.0,0.0,0.0,0.031758313341616905,0.0295393584080647,0.016520304761389833,0.0,0.0402353655835179,0.0,0.0,0.03609924614432293,0.037975345808717975,0.2375276090883932,0.0,0.06915814685917414,0.0,0.0,0.0,0.0,0.0,0.018049623072161465,0.18049623072161464,0.018049623072161465,0.0,0.0,0.0,0.013019053646674866,0.0,0.013831629371834827,0.0,0.0,0.03609924614432293,0.0,0.0,0.03498348891144545,0.11606854054076286,0.0,0.12058290222681053,0.014282597028423811,0.0,0.0,0.0,0.015879156670808452,0.0,0.0,0.0,0.0,0.0,0.26565285459863364,0.0,0.0,0.20885099944217064,0.0,0.0,0.018049623072161465,0.051711142041004514,0.057130388113695245,0.0,0.0,0.0,0.03059833534771703,0.0,0.03447409469400301,0.0,0.0,0.0,0.0,0.0,0.08611617742744238,0.03167034787845243,0.017237047347001506,0.0,0.0,0.051711142041004514,0.0,0.0,0.0,0.0,0.11392603742615391,0.0,0.017237047347001506,0.021455041047328142,0.0,0.015879156670808452,0.0,0.0,0.0,0.0,0.015299167673858515,0.0,0.0,0.0,0.0,1
0.0,0.0,0.0,0.02256417294342721,0.0,0.0,0.0,0.0,0.0,0.0,0.0,0.09025669177370883,0.0,0.0,0.08195869704203662,0.0,0.14023854974014033,0.0,0.05801630885662188,0.0,0.04612817522269056,0.0,0.0,0.10095466761725008,0.0,0.2113108029795668,0.0,0.0,0.0,0.0,0.0,0.0,0.0,0.0,0.0,0.0,0.0,0.0,0.0,0.0,0.0,0.0,0.016120191458543483,0.0,0.0,0.0,0.0,0.0,0.0,0.09703664713803029,0.0,0.02425916178450757,0.020489674260509155,0.026333660467425628,0.0,0.1739346304761845,0.06339324089387004,0.0,0.0,0.0,0.02425916178450757,0.3033256796112445,0.0,0.0,0.0,0.31589842120798095,0.0,0.0,0.0,0.0,0.0,0.0,0.0,0.0,0.0,0.0,0.03628795166279589,0.0,0.0,0.041222566876393515,0.0,0.0,0.0,0.05047733380862504,0.052667320934851256,0.0,0.0,0.0,0.0,0.0,0.0,0.0,0.0,0.0,0.0,0.0,0.0,0.0,0.0,0.0,2
0.0,0.03033370869554012,0.0,0.0,0.0,0.0,0.10636638409677882,0.0,0.0,0.0,0.0,0.029283890212355706,0.0,0.0,0.0,0.0,0.0,0.0,0.0,0.03139645003279795,0.019955121219588944,0.0,0.0,0.0,0.03578704541363857,0.0,0.0,0.0,0.0,0.0,0.0,0.0,0.0,0.0,0.0,0.0,0.0,0.0,0.0,0.0,0.0,0.0,0.0,0.0,0.0,0.0,0.0,0.03148365473542563,0.0,0.0,0.0,0.06296730947085126,0.05318319204838941,0.0,0.0,0.0,0.05484803161767012,0.0,0.0,0.0,0.0,0.0,0.0,0.0,0.0,0.0,0.0,0.06066741739108024,0.0,0.0,0.0,0.0,0.0,0.0,0.0,0.02439183150112478,0.0,0.0,0.0,0.10699768395734045,0.0,0.0,0.03578704541363857,0.0,0.0,0.0,0.0,0.0,0.0,0.0,0.0,0.0,0.0,0.0,0.0,0.0,0.0,0.0,0.0,0.0,1
0.0,0.0,0.0,0.0,0.0,0.0,0.0,0.0,0.0,0.0,0.0,0.0,0.0,0.0,0.0,0.0,0.0,0.0,0.0,0.0,0.0,0.0,0.0,0.0,0.0,0.0,0.0,0.0,0.0,0.0,0.0,0.0,0.0,0.0,0.0,0.0,0.0,0.0,0.0,0.0,0.0,0.0,0.0,0.0,0.0,0.0,0.0,0.0,0.0,0.0,0.0,0.0,0.0,0.0,0.0,0.0,0.0,0.0,0.0,0.0,0.0,0.0,0.0,0.0,0.0,0.0,0.0,0.0,0.0,0.0,0.0,0.0,0.0,0.0,0.3954086975965623,0.0,0.1895051451519863,0.0,0.0,0.21527499242834164,0.0,0.0,0.0,0.0,0.0,0.0,0.0,0.0,0.0,0.0,0.0,0.0,0.0,0.0,0.0,0.0,0.0,0.0,0.0,0.0,1
0.0,0.0,0.03415669872515584,0.0,0.0,0.0,0.03928445398375051,0.0,0.0,0.0,0.0,0.0,0.0,0.0,0.0,0.0,0.0,0.0,0.0,0.0,0.0,0.0,0.0,0.0,0.0,0.0,0.07410699653176346,0.0,0.0,0.0,0.0,0.0,0.0,0.0,0.10573825937242136,0.0,0.04838960522298876,0.0,0.0,0.0,0.0,0.0,0.03090692958369476,0.4078301443547566,0.0,0.0,0.0,0.0,0.0,0.0,0.0,0.0,0.03928445398375051,0.0,0.0,0.0,0.0,0.0,0.0,0.0,0.09302323821171035,0.05286912968621068,0.0,0.0,0.0,0.08652369992878818,0.15860738905863203,0.0,0.0,0.0,0.0,0.0,0.0,0.23546615794621806,0.0,0.0,0.0695741840078547,0.0,0.05286912968621068,0.10538030105365001,0.0,0.0,0.0,0.0,0.0,0.0,0.0,0.0,0.0,0.0,0.0,0.0,0.0,0.0,0.0,0.0,0.0,0.0,0.0,0.0,2
0.0,0.0,0.0,0.0,0.0,0.0,0.0,0.0,0.0,0.0,0.0,0.0,0.0,0.0,0.0,0.0,0.0,0.0,0.0,0.0,0.0,0.0,0.0,0.0,0.09968010472201591,0.15277197299339515,0.0,0.0,0.0,0.0,0.0,0.0,0.0,0.0,0.0,0.0,0.0,0.0,0.0,0.0,0.0,0.0,0.0,0.0,0.0,0.0,0.0,0.0,0.0,0.0,0.0,0.08769357639854236,0.0,0.0,0.0,0.0,0.0,0.0,0.0,0.1109876946238607,0.0,0.0,0.0,0.0,0.19038521500180014,0.0,0.0,0.0,0.0,0.0,0.0,0.0,0.0,0.0,0.09123435442786546,0.0,0.0,0.0,0.0,0.09934265522253463,0.0,0.0,0.0,0.0,0.0,0.0,0.0,0.0,0.0,0.0,0.0,0.0,0.0,0.0,0.0,0.0,0.0,0.0,0.0,0.0,1
0.0,0.0,0.0,0.08215272925239366,0.09189015587142581,0.0,0.0,0.0,0.0,0.0,0.08832392638406897,0.0,0.0,0.0,0.0,0.0,0.0,0.0,0.0,0.0880792831938181,0.0,0.0,0.0,0.0,0.0,0.0,0.0,0.0,0.0,0.050198307521472925,0.0,0.0,0.0,0.0,0.0,0.0,0.0,0.055892742502279456,0.0,0.0,0.0,0.0,0.0,0.0,0.11178548500455891,0.07944345374656477,0.0,0.0,0.0,0.0,0.0,0.0,0.11189969157391673,0.0,0.0,0.0,0.0,0.0,0.0,0.0,0.0,0.0,0.0,0.0,0.0,0.0,0.0,0.0,0.0,0.0,0.0,0.0,0.0,0.0,0.0,0.0,0.11009910399227262,0.0,0.0,0.12507092490441152,0.0,0.0,0.0,0.0,0.0,0.0,0.0,0.0,0.0,0.0,0.0,0.0,0.0,0.09189015587142581,0.03160546221049904,0.0,0.0,0.0,0.0,0.0,1
0.0,0.0,0.02798975548345771,0.017725492325955158,0.0,0.02574877627224563,0.0,0.0,0.0433236837215304,0.0,0.0,0.0,0.0,0.08274659083671501,0.0,0.0,0.0,0.0433236837215304,0.0,0.34207598585751126,0.04831521296881336,0.0,0.0,0.0,0.0,0.033199426595396646,0.04554531299763465,0.0,0.0,0.0,0.0,0.03965293101159688,0.0,0.12499615316889501,0.0,0.033199426595396646,0.0,0.0,0.0,0.0,0.0,0.08396926645037313,0.02532672752577657,0.0,0.0,0.0,0.0,0.0,0.08274659083671501,0.0,0.0,0.0,0.0,0.0,0.0,0.07590885499605776,0.0,0.0,0.0,0.0,0.0,0.0,0.0,0.0,0.0,0.0,0.0,0.01836094578969884,0.0,0.0,0.0,0.0,0.0,0.0,0.03965293101159688,0.0,0.09502110718264202,0.0,0.0433236837215304,0.0,0.0,0.0,0.0,0.0,0.10343323854589376,0.0,0.0433236837215304,0.0,0.0,0.0,0.0,0.0,0.0,0.0,0.027277115828949455,0.0,0.0,0.0,0.0,0.0,1
0.0,0.04841160740660104,0.0,0.0,0.0,0.11315136507398887,0.0,0.0727249295997441,0.0,0.0,0.0,0.0,0.0,0.0,0.0,0.0,0.06454880987546806,0.0761532727038198,0.0,0.23383596990907535,0.10615907030802234,0.0,0.0,0.03485045833407746,0.0,0.0,0.0,0.0380766363519099,0.0,0.0,0.22630273014797775,0.06970091666815492,0.22630273014797775,0.0,0.0,0.0,0.0,0.0,0.0,0.0,0.0,0.01229992061585533,0.0,0.0,0.0,0.0,0.0,0.0,0.0,0.0,0.0,0.0,0.0,0.05454369719980807,0.0,0.040029198156180924,0.0,0.0,0.0,0.0,0.0,0.0,0.0,0.0,0.03636246479987205,0.0,0.0,0.0,0.0,0.0,0.0,0.0522756875011162,0.5957448998525097,0.0,0.0,0.0,0.04175642319804917,0.0,0.0,0.0,0.0,0.0727249295997441,0.0,0.03485045833407746,0.05454369719980807,0.0,0.0380766363519099,0.0,0.0,0.10599000922789417,0.0,0.0,0.0,0.0,0.023973511274427355,0.0,0.0,0.0,0.0,0.2941935491923711,1
0.0,0.06199049291671993,0.0,0.0,0.0,0.0,0.0,0.0,0.0,0.0,0.0,0.11969013133233804,0.0,0.0,0.0,0.0,0.06199049291671993,0.14627005273184215,0.0,0.22456815337554295,0.12234189492270289,0.0,0.0,0.0,0.0,0.11208838818944389,0.2050276665198572,0.0,0.0,0.0,0.0,0.06693840195260166,0.08693339392213464,0.1582551881392091,0.0,0.0,0.06693840195260166,0.0,0.0,0.0,0.0,0.0,0.0,0.0,0.0,0.0,0.0,0.06434054257782891,0.0,0.0,0.07313502636592108,0.19302162773348674,0.0,0.13968512330187102,0.0,0.0,0.11208838818944389,0.0,0.0,0.0,0.0,0.0,0.0,0.057871463912100095,0.0,0.0,0.0,0.0,0.0,0.0,0.13968512330187102,0.0,0.0,0.0,0.0,0.09969513936280505,0.4491363067510859,0.0,0.0,0.0,0.0,0.06984256165093551,0.14627005273184215,0.0,0.13968512330187102,0.0,0.07313502636592108,0.0,0.0,0.24429412454708413,0.06434054257782891,0.0,0.0,0.13387680390520332,0.2302334905497773,0.0,0.0,0.06984256165093551,0.0,0.08693339392213464,4
0.0,0.10521934954838053,0.0,0.0,0.0,0.0,0.0,0.0,0.0,0.0,0.0,0.0,0.0,0.0,0.0,0.0,0.0,0.0,0.0,0.0,0.0,0.0,0.0,0.0,0.0,0.047563209866164205,0.0,0.0,0.0,0.0,0.0,0.0,0.0,0.0,0.0,0.0,0.0,0.0,0.0,0.0,0.0,0.0,0.0,0.0,0.0,0.0,0.0,0.0,0.0,0.0,0.0,0.0,0.09223898288211764,0.0,0.0,0.0,0.0,0.0,0.0,0.0,0.0,0.0,0.0,0.0,0.0,0.0,0.0,0.0,0.0,0.0,0.0,0.0,0.0,0.0,0.056808832950585496,0.0,0.05445285447514265,0.0,0.0,0.06185762304995156,0.0,0.0,0.0,0.0,0.05927351567906312,0.0,0.0,0.0,0.0,0.0,0.0,0.0,0.0,0.056808832950585496,0.0,0.0,0.0,0.0,0.0,0.0,1
0.0,0.0,0.0,0.0,0.0,0.0,0.0,0.0,0.0,0.0,0.04827058219686046,0.0,0.0,0.10479678839924815,0.0815402044278736,0.0,0.0,0.0,0.0,0.0,0.0,0.0,0.0,0.0,0.0,0.0,0.0,0.0,0.0,0.0,0.0,0.0,0.0,0.0,0.0,0.0,0.0,0.36655642450934406,0.0,0.0,0.0,0.0,0.0,0.0,0.0,0.0,0.0,0.0,0.10479678839924815,0.09654116439372092,0.0,0.04827058219686046,0.0,0.0,0.0,0.0,0.0,0.0,0.0,0.0,0.0,0.0,0.0,0.0,0.0,0.0,0.0,0.0,0.0,0.0,0.0,0.0,0.0,0.0,0.0,0.0,0.0,0.0,0.0,0.0273413857748276,0.0,0.0,0.0,0.20087835782056124,0.0,0.0,0.0,0.0,0.0,0.0,0.0,0.0,0.0,0.0,0.0,0.0,0.0,0.0,0.0,0.0,0
0.0,0.13022670516546622,0.04962998198386277,0.06285984636858834,0.0,0.0,0.057080655222207184,0.0,0.0,0.0,0.0,0.0,0.07031051960693274,0.0,0.0,0.0,0.0,0.0,0.0,0.13478919715031792,0.04283501423593855,0.0,0.0,0.0,0.0,0.1766025013806834,0.0,0.0,0.0,0.0,0.0,0.0,0.0,0.0,0.0,0.0,0.0,0.0,0.0,0.0,0.0,0.0,0.0,0.0,0.0,0.0,0.0,0.0,0.14672196100031484,0.0,0.0,0.0,0.11416131044441437,0.0,0.0,0.0,0.0,0.0,0.0,0.0,0.0,0.0,0.0,0.0,0.0,0.06285984636858834,0.0,0.0,0.0,0.0,0.0,0.0,0.0,0.0,0.0,0.05235871223701926,0.0,0.0,0.07681930783014128,0.0,0.0,0.0,0.0,0.0,0.0,0.0,0.0,0.0,0.0,0.0,0.0,0.0,0.0,0.0,0.0,0.0,0.0,0.0,0.0,0.0,1
0.0,0.0,0.0,0.0,0.0,0.0,0.14143943609010426,0.18178024888758762,0.0,0.0,0.0,0.051919873662234696,0.05807385009681188,0.0,0.0,0.0,0.0,0.0,0.0,0.1669962263201371,0.0,0.0,0.0,0.0,0.0,0.0,0.0,0.0,0.0,0.0,0.0,0.0,0.0,0.0,0.0,0.04862234579424424,0.0,0.0,0.0,0.0,0.0,0.1229775067863727,0.03709235459402968,0.0,0.0,0.05020763301899734,0.0,0.0,0.0,0.0,0.06344986486244926,0.0,0.0,0.0,0.0,0.0,0.0,0.0,0.0,0.0,0.0,0.0,0.0,0.0,0.0,0.051919873662234696,0.0,0.0,0.0,0.0,0.0,0.05807385009681188,0.0,0.0,0.0,0.0,0.0,0.0,0.0,0.12647013296234097,0.0,0.0,0.0,0.05807385009681188,0.0,0.0,0.0,0.30296708147931267,0.0,0.0,0.16746006399098778,0.0,0.0,0.0,0.03994880316061639,0.2151247408399269,0.0,0.0,0.15084187072813512,0.0,2
0.0,0.0,0.0,0.07716067972041908,0.0,0.0,0.0,0.0,0.0,0.0,0.0,0.07716067972041908,0.0,0.0,0.0,0.0,0.0,0.0,0.0,0.04136355190125511,0.1051602574686048,0.0,0.0,0.0,0.0,0.07226006125307789,0.0,0.0,0.0,0.0,0.0,0.0,0.0,0.0,0.0,0.0,0.0,0.0,0.0,0.0,0.0,0.0,0.05512477382987053,0.0,0.0,0.0,0.0,0.0,0.0,0.0,0.0,0.0,0.0,0.0,0.0,0.0,0.0,0.0,0.0,0.0,0.0,0.0,0.0,0.0,0.0,0.0,0.0,0.0,0.07992686642437655,0.0,0.0,0.0,0.0,0.0,0.0,0.06427050110502773,0.0,0.0,0.0,0.04698837234846802,0.0,0.0,0.0,0.0,0.0,0.0,0.0,0.0,0.0,0.0,0.0,0.0,0.0,0.0,0.0,0.0,0.0,0.0,0.0,0.0,1
0.04440772532588607,0.0,0.0,0.0,0.08881545065177214,0.0,0.216310908185589,0.0,0.0970372780891591,0.0,0.0,0.0,0.0,0.0,0.0,0.0,0.0,0.0,0.0,0.04256604614366856,0.0,0.03718037934684109,0.0,0.0,0.0,0.0,0.03400444301564072,0.04851863904457955,0.0,0.0,0.0,0.0,0.0,0.0,0.0,0.11154113804052326,0.08881545065177214,0.0,0.04851863904457955,0.0,0.0,0.1880760904788482,0.02836366267702415,0.0,0.0,0.0,0.0,0.0,0.0,0.0,0.0,0.0,0.0,0.0,0.0,0.0,0.0,0.0,0.0,0.0,0.0,0.0,0.0,0.0,0.0,0.0,0.0,0.0,0.0,0.0,0.0,0.0,0.0,0.0,0.0,0.0,0.04256604614366856,0.0,0.0,0.09670877541539556,0.0463343791213776,0.0,0.0,0.0,0.0,0.0,0.0,0.0,0.0,0.0,0.0,0.04440772532588607,0.0,0.0,0.0,0.041125224115915585,0.0,0.0,0.0,0.05767263881911606,2
0.0,0.0,0.0,0.0,0.06621859286882108,0.0,0.0,0.0,0.0,0.0,0.0,0.0,0.0,0.0,0.053758679212949356,0.0,0.0,0.0,0.0,0.09520855861018362,0.0,0.13860383438969068,0.0,0.0,0.0,0.0,0.0,0.0,0.0,0.0,0.0,0.0,0.0,0.0,0.0,0.0,0.0,0.0,0.0,0.0,0.0,0.0,0.0422944840631952,0.0,0.0,0.14312288595683623,0.13243718573764215,0.0,0.0,0.0,0.0,0.0,0.0,0.0,0.0,0.25352867674030216,0.0,0.0,0.0,0.0,0.0,0.0,0.06909152325078896,0.057249154382734486,0.0,0.0,0.0,0.0,0.0,0.0,0.0,0.06621859286882108,0.0,0.0,0.06621859286882108,0.0,0.14281283791527544,0.0,0.0,0.0,0.0,0.0,0.0,0.0,0.0,0.22832574817602488,0.0,0.0,0.0,0.0,0.0,0.0,0.0,0.0,0.0,0.06132389021023336,0.0,0.13818304650157792,0.0,0.0,1
0.0,0.0,0.04394655024065413,0.0,0.0,0.0,0.0,0.0,0.0,0.0,0.0,0.0,0.062258833447839085,0.0,0.0,0.0,0.0,0.0,0.0,0.16411128884322662,0.01896485783322356,0.07818933625721354,0.0,0.0,0.0,0.0,0.0,0.0,0.0,0.10203339098855414,0.0,0.0,0.0,0.049063930983354445,0.0,0.0,0.0,0.0,0.0,0.0,0.0,0.021973275120327065,0.059648018592054555,0.0,0.0,0.0,0.062258833447839085,0.05984258672821453,0.0,0.0,0.13604452131807218,0.0,0.0,0.0,0.0,0.28604171080520013,0.0,0.0,0.0,0.0,0.0,0.0,0.09743995120637228,0.08073862823101127,0.0,0.0,0.0,0.05765682569751744,0.0,0.0,0.0,0.0,0.0,0.0,0.0,0.0,0.029838416153313927,0.03247998373545742,0.0,0.033895991617149165,0.06495996747091484,0.0,0.0,0.0,0.0,0.07155741870315717,0.0,0.03247998373545742,0.0,0.0,0.0,0.031129416723919542,0.0,0.0,0.0,0.0,0.0,0.0,0.0,0.0,1
0.0,0.0,0.0,0.0,0.0,0.0,0.0,0.0,0.0,0.0,0.0,0.0,0.0,0.0,0.0,0.0,0.0,0.0,0.0,0.0,0.0,0.20157144313374942,0.0,0.0,0.0,0.0,0.0,0.0,0.0,0.0,0.0,0.0,0.0,0.0,0.0,0.0,0.0,0.0,0.0,0.0,0.0,0.0,0.0,0.0,0.0,0.0,0.0,0.0,0.0,0.0,0.0,0.0,0.0,0.0,0.0,0.5530598212310388,0.0,0.0,0.0,0.0,0.0,0.0,0.0,0.0,0.0,0.0,0.0,0.0,0.0,0.0,0.0,0.0,0.0,0.0,0.0,0.0,0.11538477417936863,0.0,0.0,0.0,0.0,0.0,0.0,0.0,0.0,0.0,0.0,0.0,0.0,0.0,0.0,0.0,0.0,0.0,0.0,0.0,0.0,0.0,0.0,0.0,1
0.11473197213125214,0.0,0.0,0.0,0.0,0.0,0.0,0.0,0.0,0.0,0.0,0.05128702064821996,0.0,0.029927420595521653,0.0,0.24425245337805593,0.0,0.0,0.03296690330422471,0.17870742926118866,0.01747443230057891,0.16810390258804744,0.0,0.0,0.0,0.02401484322686392,0.0,0.0,0.0,0.0,0.0,0.028682993032813034,0.0,0.0,0.0,0.0,0.0,0.0,0.0,0.0,0.0,0.0,0.018320117343995256,0.0,0.10467962287630968,0.024797825280693638,0.0,0.0,0.0,0.0,0.0,0.0,0.0,0.0,0.0,0.5271240685865592,0.0,0.03489320762543656,0.0,0.0,0.0,0.0,0.23941936476417322,0.049595650561387275,0.0,0.0,0.0,0.0,0.026562822304750523,0.0,0.08978226178656495,0.0,0.0,0.0,0.0,0.021359600052698303,0.19245415458897241,0.08978226178656495,0.0,0.0,0.0,0.029927420595521653,0.0,0.0,0.0,0.0,0.0,0.0,0.0,0.0,0.0,0.0,0.0,0.0,0.039461865910904496,0.0,0.0,0.0,0.0,0.0,1
0.0,0.0,0.0,0.0,0.0,0.0,0.0,0.0,0.0,0.0,0.0,0.0,0.03867015398324218,0.0,0.0,0.0,0.0,0.0,0.0,0.1482656944713132,0.023558872920273328,0.16188298138968168,0.0,0.0,0.0,0.03237659627793634,0.0,0.0,0.0,0.0,0.0,0.0,0.0,0.0,0.0,0.0,0.0,0.0,0.0,0.0,0.0,0.0,0.0,0.0,0.0,0.0,0.0,0.0,0.0,0.0,0.0,0.0,0.0,0.0,0.11601046194972654,0.29610997588356514,0.0,0.0,0.0,0.0,0.03716937686399745,0.0,0.1210436401904926,0.1002966169838287,0.0,0.1037170519586052,0.0,0.03581175882095395,0.03581175882095395,0.0,0.040347880063497536,0.0,0.0,0.0,0.15468061593296872,0.028796821242239267,0.05559963542674244,0.040347880063497536,0.0,0.0,0.0,0.040347880063497536,0.0844998580378785,0.0,0.0,0.22222841696935658,0.0,0.0,0.0,0.0,0.0,0.0,0.0,0.0,0.026601066867307205,0.0,0.0,0.0,0.0,0.0,1
0.15987542522076195,0.08883471483280639,0.15799144032525436,0.11434698220035805,0.0,0.0,0.15575127152888105,0.0,0.06987016778238951,0.0,0.0,0.0,0.09592525513245717,0.0,0.05191709050962701,0.0,0.05922314322187092,0.06987016778238951,0.11025204401671389,0.32181463522877657,0.0,0.10708459240951855,0.0,0.0,0.0,0.1338557405118982,0.0,0.06987016778238951,0.13974033556477902,0.06987016778238951,0.08305255526731374,0.06395017008830478,0.0,0.05039681211205326,0.0,0.0,0.0,0.0,0.06987016778238951,0.0,0.0,0.13542123456450375,0.26549652689656716,0.0,0.07779615467676172,0.16586398177201267,0.06395017008830478,0.0,0.10008702553452525,0.0,0.0,0.0,0.0,0.0,0.03197508504415239,0.19587492028921227,0.026771148102379638,0.0,0.0898292342554395,0.07779615467676172,0.0,0.0,0.10008702553452525,0.11057598784800846,0.0,0.028586745550089512,0.0,0.08883471483280639,0.11844628644374185,0.0,0.03336234184484175,0.0,0.0,0.0,0.0,0.11905574627668636,0.07662253219732776,0.10008702553452525,0.13974033556477902,0.0,0.0,0.10008702553452525,0.0,0.0,0.0,0.11025204401671389,0.0,0.0,0.24915766580194124,0.0,0.12293656619826297,0.12790034017660956,0.0,0.0,0.06598665542288219,0.0,0.0,0.0,0.0,0.0,3
0.0,0.0,0.0,0.0,0.06675567900830837,0.4334804514662672,0.0,0.06965191117035066,0.0,0.0,0.0,0.0,0.06675567900830837,0.0,0.0,0.0,0.0,0.0,0.0,0.09598077672861136,0.0,0.055891209263043654,0.0,0.0,0.0,0.0,0.0,0.0,0.07293538838594643,0.0,0.0,0.0,0.0,0.0,0.0,0.0,0.0,0.0,0.0,0.0,0.0,0.0,0.0,0.0,0.0,0.0,0.0,0.0,0.0,0.0,0.0,0.06416491105639562,0.10838941082784617,0.0,0.0,0.2044679988583164,0.0,0.0,0.0,0.0,0.0,0.0,0.0,0.0,0.0,0.0,0.0,0.0,0.0,0.06965191117035066,0.06965191117035066,0.0,0.0,0.0812090901792984,0.0,0.0,0.12797436897148182,0.0,0.0,0.0726884784296021,0.27860764468140264,0.06965191117035066,0.0,0.0,0.0,0.0,0.07293538838594643,0.0,0.0,0.0,0.0,0.0,0.0,0.13351135801661673,0.0,0.0,0.0,0.0,0.0,0.0,0
0.0,0.0,0.0,0.0,0.0,0.0,0.0,0.0,0.0,0.0,0.0,0.0,0.0,0.0,0.04318960901120446,0.0,0.0,0.0,0.0,0.0509935695481605,0.09723228524467661,0.0,0.0,0.0,0.0,0.0,0.28515816263703436,0.0,0.0,0.0,0.0,0.0,0.0,0.12577468743902948,0.0,0.0,0.0,0.0,0.0,0.0,0.0,0.07510423658494472,0.0,0.0,0.0,0.0,0.0,0.0,0.0,0.05113520591353702,0.0,0.0,0.0,0.0,0.0,0.0,0.04454161078646822,0.0,0.0,0.0,0.0,0.0,0.0,0.0,0.11101596686814896,0.0,0.0,0.0,0.0,0.0,0.0,0.0,0.0,0.0,0.0,0.0,0.1529807086444815,0.0,0.0,0.028963963721328288,0.0,0.0,0.0,0.0,0.0,0.0,0.0,0.0,0.0,0.0,0.0,0.0,0.0,0.0,0.0,0.0,0.0,0.11101596686814896,0.0,0.0,1
0.0,0.0,0.0,0.0,0.0,0.0,0.0,0.0,0.0,0.0,0.0,0.0,0.0,0.0,0.04318960901120446,0.0,0.0,0.0,0.0,0.0509935695481605,0.09723228524467661,0.0,0.0,0.0,0.0,0.0,0.28515816263703436,0.0,0.0,0.0,0.0,0.0,0.0,0.12577468743902948,0.0,0.0,0.0,0.0,0.0,0.0,0.0,0.07510423658494472,0.0,0.0,0.0,0.0,0.0,0.0,0.0,0.05113520591353702,0.0,0.0,0.0,0.0,0.0,0.0,0.04454161078646822,0.0,0.0,0.0,0.0,0.0,0.0,0.0,0.11101596686814896,0.0,0.0,0.0,0.0,0.0,0.0,0.0,0.0,0.0,0.0,0.0,0.1529807086444815,0.0,0.0,0.028963963721328288,0.0,0.0,0.0,0.0,0.0,0.0,0.0,0.0,0.0,0.0,0.0,0.0,0.0,0.0,0.0,0.0,0.0,0.11101596686814896,0.0,0.0,1
0.0,0.0,0.08202937227696484,0.0519479710945527,0.0,0.0,0.0,0.0,0.0,0.0,0.0,0.0,0.0,0.0,0.18868797166027426,0.0,0.0,0.0,0.0,0.13923883293408867,0.0,0.0,0.0,0.0,0.0,0.0,0.13347931665790763,0.0,0.1269684039399075,0.0,0.0,0.0,0.0,0.0,0.0,0.04864865870630916,0.058105277871138845,0.0,0.06348420196995375,0.0,0.0,0.0,0.0,0.0,0.0,0.05023480383955395,0.0,0.0,0.06062620758161114,0.0,0.0,0.0,0.09434398583013713,0.0,0.0,0.0,0.0,0.07068577266577158,0.0,0.0,0.055850229402127,0.0,0.0,0.05023480383955395,0.0,0.0,0.0,0.10762057985326254,0.0,0.0,0.0,0.058105277871138845,0.0,0.14137154533154317,0.0,0.0,0.0835432997604532,0.0,0.06348420196995375,0.1581732183660602,0.0,0.0,0.0,0.0,0.0,0.0,0.0,0.0,0.0,0.0,0.111700458804254,0.0,0.0,0.0,0.0,0.0,0.07546175084525572,0.0,0.0,0.0,2
0.0,0.0,0.03415669872515584,0.0,0.0,0.0,0.03928445398375051,0.0,0.0,0.0,0.0,0.0,0.0,0.0,0.0,0.0,0.0,0.0,0.0,0.0,0.0,0.0,0.0,0.0,0.0,0.0,0.07410699653176346,0.0,0.0,0.0,0.0,0.0,0.0,0.0,0.10573825937242136,0.0,0.04838960522298876,0.0,0.0,0.0,0.0,0.0,0.03090692958369476,0.4078301443547566,0.0,0.0,0.0,0.0,0.0,0.0,0.0,0.0,0.03928445398375051,0.0,0.0,0.0,0.0,0.0,0.0,0.0,0.09302323821171035,0.05286912968621068,0.0,0.0,0.0,0.08652369992878818,0.15860738905863203,0.0,0.0,0.0,0.0,0.0,0.0,0.23546615794621806,0.0,0.0,0.0695741840078547,0.0,0.05286912968621068,0.10538030105365001,0.0,0.0,0.0,0.0,0.0,0.0,0.0,0.0,0.0,0.0,0.0,0.0,0.0,0.0,0.0,0.0,0.0,0.0,0.0,0.0,2
0.0,0.0,0.0,0.0,0.0,0.0,0.0,0.0,0.0,0.0,0.21363447295266785,0.0,0.0,0.23190321763160518,0.1804390770175397,0.0,0.0,0.0,0.0,0.0,0.0,0.0,0.0,0.0,0.4856708441077692,0.0,0.0,0.0,0.0,0.0,0.0,0.0,0.0,0.0,0.2428354220538846,0.0,0.0,0.0,0.0,0.0,0.0,0.0,0.0,0.0,0.0,0.0,0.0,0.0,0.0,0.0,0.0,0.0,0.0,0.0,0.0,0.0,0.0,0.0,0.0,0.0,0.0,0.0,0.0,0.0,0.0,0.0,0.0,0.0,0.20583143616359645,0.0,0.0,0.0,0.0,0.0,0.0,0.0,0.0,0.0,0.0,0.12100667267652658,0.0,0.0,0.0,0.0,0.0,0.0,0.0,0.0,0.0,0.0,0.0,0.0,0.0,0.0,0.0,0.0,0.0,0.0,0.0,0.0,0
0.0,0.0,0.0,0.0,0.0,0.0,0.1317262999063746,0.0,0.035455525667814916,0.0,0.0,0.0,0.0,0.0,0.0,0.0,0.0,0.0,0.0,0.0,0.019770263357249823,0.0,0.0,0.0,0.0,0.0,0.0,0.07091105133562983,0.0,0.0,0.0,0.06490286109198397,0.0,0.10229518675152328,0.0,0.0,0.032451430545991984,0.0,0.0,0.0,0.0,0.02290644305221934,0.062181169332952896,0.0,0.0,0.0,0.0,0.0,0.0,0.0,0.0,0.0,0.0,0.0,0.0,0.0,0.0,0.0,0.0,0.0,0.03119200022483811,0.0,0.0,0.0,0.06771870772099918,0.0,0.035455525667814916,0.0,0.060105413834742966,0.0,0.0,0.0,0.0,0.0,0.0,0.0,0.031105603358691922,0.0,0.0,0.03533549720853695,0.0,0.0,0.0,0.06490286109198397,0.0,0.0,0.0,0.0,0.0,0.0,0.0,0.0,0.0,0.0,0.15626259776143064,0.0,0.0,0.0,0.0,0.0,1
0.04450939289619149,0.0,0.06283555803313512,0.0,0.0,0.0,0.0,0.0,0.09725943637851028,0.0,0.08556399331966484,0.0,0.0,0.04644045759561403,0.0,0.0,0.0,0.0,0.0,0.08532699470385033,0.0542325810988134,0.0,0.0,0.0,0.0,0.0,0.06816458637736397,0.0,0.04862971818925514,0.0,0.0,0.0,0.0,0.1052287198570475,0.04862971818925514,0.0,0.0,0.0,0.0,0.0,0.0,0.12567111606627024,0.0852857963430164,0.0,0.0,0.03848050819267156,0.0,0.04278199665983242,0.04644045759561403,0.04278199665983242,0.0,0.0,0.03613435548848872,0.0,0.08901878579238298,0.2385760523207739,0.0,0.0,0.0,0.0,0.04278199665983242,0.0,0.0,0.03848050819267156,0.0,0.03979281642427033,0.0,0.0,0.0,0.04644045759561403,0.0,0.04450939289619149,0.0,0.0,0.0,0.0,0.19198573808366323,0.0,0.0,0.048465090813424795,0.0,0.0,0.0,0.0,0.0,0.0,0.0,0.04644045759561403,0.0,0.0,0.0,0.0,0.0,0.0,0.06123571874929315,0.0,0.0,0.0,0.0,0.0,2
0.03874577730820147,0.0,0.054698848493993826,0.0,0.0,0.0,0.0,0.16170713739342876,0.0,0.0,0.0,0.0,0.0,0.0,0.0,0.0,0.0,0.042332552949350566,0.0,0.0,0.0,0.0,0.0,0.0,0.16933021179740226,0.0,0.0,0.0,0.0,0.0,0.050319425371675906,0.0,0.0,0.0,0.0,0.0,0.0,0.0,0.0,0.0,0.0,0.0,0.14848391575980754,0.0,0.0,0.06699517131662563,0.07749155461640295,0.0,0.0,0.0,0.0,0.0,0.0,0.08085356869671438,0.0,0.05933780966733871,0.0648798238520637,0.0,0.0,0.0,0.0,0.0,0.04042678434835719,0.0,0.0,0.0,0.0,0.0,0.0,0.0,0.0,0.3099662184656118,0.0,0.0,0.0,0.0,0.14855564275541305,0.0,0.0,0.0,0.24256070609014313,0.0,0.0,0.0,0.0,0.0,0.0,0.0,0.0,0.0,0.0,0.11623733192460442,0.0,0.0,0.05330617578858927,0.07176358454083229,0.0,0.0,0.20127770148670363,0.0,2
0.0,0.0,0.0,0.0,0.0,0.0,0.0,0.0,0.0,0.0,0.0,0.0,0.0,0.0,0.04318960901120446,0.0,0.0,0.0,0.0,0.0509935695481605,0.09723228524467661,0.0,0.0,0.0,0.0,0.0,0.28515816263703436,0.0,0.0,0.0,0.0,0.0,0.0,0.12577468743902948,0.0,0.0,0.0,0.0,0.0,0.0,0.0,0.07510423658494472,0.0,0.0,0.0,0.0,0.0,0.0,0.0,0.05113520591353702,0.0,0.0,0.0,0.0,0.0,0.0,0.04454161078646822,0.0,0.0,0.0,0.0,0.0,0.0,0.0,0.11101596686814896,0.0,0.0,0.0,0.0,0.0,0.0,0.0,0.0,0.0,0.0,0.0,0.1529807086444815,0.0,0.0,0.028963963721328288,0.0,0.0,0.0,0.0,0.0,0.0,0.0,0.0,0.0,0.0,0.0,0.0,0.0,0.0,0.0,0.0,0.0,0.11101596686814896,0.0,0.0,1
0.0,0.0,0.0,0.0,0.0,0.0,0.04764416277293615,0.0,0.0,0.3192039490845961,0.0,0.02623397314386133,0.0,0.0,0.0,0.0,0.0271744530355039,0.0,0.0,0.028126509866010993,0.0,0.0,0.0824360266845223,0.0,0.0,0.0,0.0,0.03205982475249884,0.0,0.0,0.0,0.0,0.0,0.0,0.0,0.012283902326649465,0.0,0.0,0.0,0.0,0.0,0.22783873309944241,0.0,0.0,0.0,0.0,0.0,0.0,0.0,0.0,0.0,0.02820463219914922,0.0,0.0,0.0,0.0,0.0,0.07139330459669826,0.0,0.17848326149174568,0.08461389659744767,0.0,0.0,0.0,0.0,0.0,0.09617947425749653,0.0,0.01358722651775195,0.0,0.0,0.0,0.0,0.0,0.029343442430380094,0.021851422331180183,0.0,0.0,0.0,0.07189040664603764,0.0,0.0,0.0,0.0,0.0,0.0,0.0,0.0,0.0,0.0,0.02820463219914922,0.0,0.0,0.0,0.08074101536247114,0.0,0.0,0.0,0.0,0.0,2
0.0,0.05982046228900347,0.0,0.0,0.0,0.0,0.0,0.0,0.0,0.0,0.0,0.0,0.0,0.0,0.0,0.0785807993951944,0.0,0.0,0.0,0.1547906797390481,0.0,0.0,0.0,0.0,0.0,0.054082318781766815,0.2967757445419212,0.0,0.0,0.0,0.0,0.06459516550499532,0.0,0.050905109631562646,0.0,0.0,0.0,0.0,0.0,0.0,0.0,0.2279784673886444,0.0,0.0,0.0,0.0,0.0,0.0,0.0,0.0,0.0,0.0,0.0,0.0,0.12919033100999064,0.0,0.054082318781766815,0.0,0.0,0.0,0.0,0.0,0.0,0.0,0.0,0.0,0.0,0.0,0.05982046228900347,0.0,0.0,0.0,0.0,0.0,0.0,0.0,0.18574881568685772,0.0,0.0,0.0,0.0,0.0,0.0,0.0,0.0,0.0,0.0,0.0,0.0,0.0,0.0,0.0,0.0,0.0,0.044434793759750395,0.05982046228900347,0.0,0.0,0.0,0.0,2
0.0,0.0,0.20581882997223577,0.05213679116798415,0.0,0.0,0.047343453300882646,0.0,0.0,0.0,0.0,0.0,0.0,0.0,0.0,0.0,0.0,0.0,0.0,0.22359189942398797,0.0710558590551296,0.04882548646523255,0.0,0.0,0.0,0.0,0.13396448621971885,0.0,0.0,0.0,0.0,0.05831647847441964,0.0,0.0,0.0,0.0,0.0,0.0,0.0,0.0,0.0,0.041163765994447155,0.07449464757863614,0.0,0.0,0.0,0.05831647847441964,0.0,0.0,0.0,0.0,0.0,0.0,0.0,0.0,0.13396448621971885,0.0,0.0,0.0,0.0,0.0,0.0,0.0,0.0,0.0,0.0,0.0,0.0,0.0,0.060846571240214746,0.0,0.05831647847441964,0.0,0.0,0.0,0.04342701109575355,0.16769392456799098,0.0,0.0,0.0,0.0,0.0,0.0,0.0,0.0,0.0,0.0,0.060846571240214746,0.0,0.0,0.0,0.11663295694883928,0.0,0.0,0.0,0.0,0.0,0.0,0.0,0.0,1
0.0,0.0,0.04331330143937052,0.0,0.0,0.0,0.1328418308003215,0.0,0.0,0.0,0.039320189088441614,0.0,0.0,0.02134130845426104,0.0,0.0,0.018942006124852435,0.0,0.07052631047353315,0.21566203139481363,0.03738316657790032,0.0,0.0,0.0,0.02234736412284399,0.0,0.0,0.0,0.0,0.04469472824568798,0.0,0.0,0.0,0.0,0.04469472824568798,0.03425007345016004,0.04090780892732753,0.0,0.04469472824568798,0.0,0.0,0.0,0.026128230724632905,0.0,0.0,0.01768338292373074,0.0,0.019660094544220807,0.0,0.0,0.04469472824568798,0.0,0.0,0.0,0.04090780892732753,0.0,0.01712503672508002,0.0,0.0,0.0,0.039320189088441614,0.02234736412284399,0.0,0.05305014877119222,0.0,0.0,0.0,0.0,0.018942006124852435,0.0,0.0,0.16363123570931012,0.0,0.0,0.020453904463663766,0.0,0.05881691765313098,0.0,0.0,0.1224944107411024,0.0,0.02134130845426104,0.0,0.0,0.0,0.0,0.0,0.1707304676340883,0.0,0.0,0.0,0.0,0.44500348549704566,0.04090780892732753,0.0422105130926982,0.15153604899881948,0.0,0.0,0.21250908681620007,0.0,2
0.03295140963288667,0.030515728876972483,0.046518725094496276,0.0,0.0,0.0,0.0,0.0,0.0,0.0,0.0,0.0,0.0,0.0343810248174093,0.0,0.08017157599667431,0.061031457753944966,0.0,0.0,0.04737727093560805,0.0,0.1103543044524931,0.0,0.0,0.0,0.0,0.0756959058085355,0.0,0.0,0.0,0.0,0.0,0.0,0.0,0.0,0.0,0.0,0.0,0.0,0.0,0.0,0.046518725094496276,0.10523199068415615,0.0,0.0,0.11395230586907142,0.26361127706309334,0.0,0.0,0.0,0.0,0.0,0.0,0.0,0.0,0.302783623234142,0.0,0.0,0.0,0.0,0.0,0.0,0.0,0.11395230586907142,0.0,0.17675766517425437,0.0,0.030515728876972483,0.0,0.0687620496348186,0.0343810248174093,0.0,0.0,0.0,0.0,0.0,0.031584847290405366,0.0343810248174093,0.0,0.0,0.0,0.0,0.0,0.0,0.0,0.0,0.21601073303200669,0.0,0.0,0.0,0.0,0.0,0.0,0.0,0.13600297294853822,0.0,0.12838271262886142,0.0,0.0,0.0,0
0.0,0.0,0.02582569127751396,0.0,0.03658711328004616,0.0,0.3267303458185586,0.0,0.0,0.0,0.035167178347961243,0.03271004584678207,0.0,0.0,0.0,0.0,0.0,0.0,0.0,0.035069770872372404,0.022289829842875232,0.030632569918302183,0.0,0.0,0.07994811397749893,0.0,0.0,0.0,0.0,0.0,0.0,0.0,0.0,0.11533191365407193,0.0,0.0,0.0,0.0,0.0,0.0,0.0,0.0,0.0,0.0,0.0,0.0,0.0,0.0,0.03817446548396526,0.0,0.07994811397749893,0.0,0.0,0.0,0.0,0.0,0.030632569918302183,0.0,0.0,0.0,0.0,0.0,0.0,0.0,0.0,0.0,0.0,0.0,0.0,0.0,0.0,0.0,0.0,0.0,0.0,0.0,0.0,0.0,0.0,0.0,0.0,0.0,0.0,0.0,0.0,0.0,0.0,0.0,0.0,0.0,0.0,0.0,0.0,0.0,0.0,0.0,0.0,0.11452339645189578,0.0,0.0,1
0.0,0.0,0.0,0.06483573156473586,0.36260301597636274,0.0,0.0,0.07566694979087402,0.0,0.0,0.06970610025855148,0.0,0.0,0.0,0.11774976406482664,0.0,0.0,0.0,0.0,0.05213476910813359,0.022090727586957355,0.0,0.0,0.0,0.0,0.030358946753913353,0.0,0.0,0.0,0.0,0.0,0.0,0.0,0.0,0.1980849584112539,0.12143578701565341,0.07252060319527255,0.0,0.0,0.0,0.0,0.025595005200938315,0.0,0.0,0.0,0.0,0.036260301597636276,0.0,0.0,0.0,0.0,0.03485305012927574,0.02943744101620666,0.0,0.0,0.0,0.030358946753913353,0.0,0.0,0.0,0.0,0.0,0.0,0.0,0.0,0.0972535973471038,0.03961699168225078,0.0,0.0,0.0,0.0,0.0,0.0,0.0,0.0,0.027002256669298855,0.0,0.0,0.0,0.09870718827542047,0.0,0.0,0.0,0.07252060319527255,0.0,0.0,0.0,0.0,0.0,0.0,0.0,0.0,0.0,0.0,0.0,0.03358003632859413,0.0,0.0,0.0,0.0,0
